EA101,Alligator
EA102,Arctic Fox
EA103,Bald Eagle
EA104,Bear
EA105,Bison
EA106,Blue Morpho
EA107,Buffalo
EA108,Cactus
EA109,Caribou
EA110,Chinook
EA111,Cougar
EA112,Coyote Full
EA113,Crab
EA114,Deer
EA115,Desert Tortoise
EA116,Dolphin
EA117,Elk
EA118,Frog
EA119,Granny Orca
EA120,Grizzly bear
EA121,Hawk
EA122,Horse
EA123,Kokopelli
EA124,Lizard
EA125,Lynx
EA126,Macaw
EA127,Manatee
EA128,Moose
EA129,Octopus
EA130,Orca
EA131,Phoenix
EA132,Road Runner
EA133,Salmon
EA134,Sasquatch
EA135,Seaturtle
EA136,Shark
EA137,Skull
EA138,Stingray
EA139,Toucan
EA140,Turtle
EA141,Walrus
EA142,Whale
EA143,Howling Wolf
EA144,Wolf Standing
EA145,Dragonfly
EA146,Fox
EA147,Mountain Lion
EA148,Rooster
FOOD101,Orange
FOOD102,Peach
FOOD103,Hotdog
FOOD104,Pretzel
FOOD105,Hot Chicken
GRTO101,Appalachian Trail Badge
GRTO102,Arizona Trail Badge
GRTO103,Continental Divide Trail Badge
GRTO104,Florida Trail Badge
GRTO105,Ice Age Trail Badge
GRTO106,Natchez Trace Trail Badge
GRTO107,National Recreation Trail Badge
GRTO108,New England Trail Badge
GRTO109,North County Trail Badge
GRTO110,Pacific Crest Trail Badge
GRTO111,Pacific Northwest Trail Badge
GRTO112,Potomac Heritage Trail Badge
GRTO113,Tallahassee Trail Badge
GRTO114,Going to the Sun Road Badge
GRTO115,Home of the Big Foot Badge
GRTO116,Pacific Crest Trail System
GRTO117,Bigfoot Stay Wild
GRTO118,Bigfoot Dept Badge
GRTO119,Bigfoot Crossing Badge
GRTO120,Go Hike
GRTO121,Benchmark (Elevation)
GRTO122,Benchmark (Coordinates)
GRTO123,Mountain Sunrise
GRTO124,Blue Mountain
GRTO125,Evergreen
GRTO126,Palm
GRTO127,Cactus
GRTO128,Retro Mountain Badge
GRTO129,Retro Desert Badge
GRTO130,Retro Snowflake Badge
GRTO131,Retro Seagull Sunset Badge
GRTO132,Retro Surf Sunset Badge
GRTO133,Snowy Mountain Patch
GRTO134,Lake Mountain Patch
GRTO135,Lake With Canoe Patch
GRTO136,Mountain Biking Patch
GRTO137,Mountain Hiking Patch
GRTO138,Mountain Patch
GRTO139,Canoe Patch
GRTO140,Sunset Palm Patch
GRTO141,Nighttime Mountain Patch
GRTO142,Campfire Patch
GRTO143,Cabin Night Patch
GRTO144,Camping Tent Patch
GRTO145,River Forest Patch
GRTO146,Glacier Patch
GRTO147,Desert Flats Patch
GRTO148,Offroad Desert Patch
GRTO149,Get Lost
GRTO150,Carabiner
GRTO151,Lake With Canoe Patch
GRTO152,Arrowhead
GRTO153,Take a Hike
GRTO154,Bear Patch
GRTO155,Bison Patch
GRTO156,Blue Heron Patch
GRTO157,Eagle Patch
GRTO158,Cougar Patch
GRTO159,Elk Patch
GRTO160,Gator Patch
GRTO161,Moose Patch
GRTO162,Manattee Patch
GRTO163,Roadrunner Patch
GRTO164,Wolf Patch
GRTO165-AG,Bear Badge
GRTO166-AG,Caribou Badge
GRTO167-AG,Eagle Badge
GRTO168-AG,Moose Badge
GRTO169-AG,Salmon Badge
GRTO170-AG,White Tail Badge
GRTO171-AG,Wolf Badge
GRTO172-AG,Bears
GRTO173,Mauna Kea Benchmark
GRTO174-DP,Red River
GRTO175,Big Sky Country
GRTO176,Ski the Sky
GRTO177-DP,Sun Evergreen
GRTO178-DP,Trifecta Mountains
GRTO179-DP,Inlet
GRTO180-DP,Mount Red Layers
GRTO181,Mountain Rise
GRTO182-DP,Pie Moutain
GRTO183-DP,Color Mountain
GRTO184,Adventures
GRTO185,Life Eternal
GRTO186,Bison
HOME101,All I Care About
HOME102,Be The Change
HOME103,Be The Person Dog
HOME104,Beware of Dog Kisses
HOME105,Bless Your Heart
HOME106,Butter My Biscuit
HOME107,Cant Never Could
HOME108,Longitude Latitude 1
HOME109,Longitude Latitude 2
HOME110,Coffee Before Talkie
HOME111,Coffee Before Wine
HOME112,Life Too Short Coffee
HOME113,Sorry Plans With Dog
HOME114,Dogs Welcome
HOME115,Dont Give A Sip
HOME116,You Are My Favorite
HOME117,US Stars
HOME118,Love is Four Legged
HOME119,Hell Yeah
HOME120,Hold Your Horses
HOME121,Home Statedrop
HOME122,Home Sweet Home 1
HOME123,Home Sweet Home 2
HOME124,I Do Declare
HOME125,I Tend To Wine
HOME126,The Land I Love
HOME127,Wavy Name Drop
HOME128,Longitude Latitude 3
HOME129,Lord Have Mercy
HOME130,Love You More
HOME131,Mmm Hmmmm
HOME132,Love You To Moon
HOME133,My Kids Have Paws
HOME134,Need Love And Cats
HOME135,Perfect Day Be Happy
HOME136,Red Lips Wine Sips
HOME137,Relax And Unwind
HOME138,Paved with Paw Prints
HOME139,Save Water Drink Beer
HOME140,Save Water Drink Wine
HOME141,Love Statedrop
HOME142,Sweet Tea Yall
HOME143,We Brew It
HOME144,Welcome To Our Home
HOME145,Wine Not
HOME146,You Got This
HOME147,Home Banner
HOME148,Home Sweet Home Banner
HOME149,Welcome Banner
HOME150,You Are My Sunshine
HOME151,Everything Is Alright
HOME152,Coffee Before Wine Banner
HOME153,Beach Sweet Beach
HOME154,Is My Happy Place
HOME155,Longitude Latitude Banner
HOME156,Home Sweet Home Banner 2
HOME157,Home Sweet Home Banner 3
HOME158,Welcome Our Home Banner
LOVE101,LOVE Philly
LOVE102,LOVE 8 Bit Heart
LOVE103,LOVE Boat Wheel
LOVE104,LOVE Beer
LOVE105,LOVE Cheeseburger
LOVE106,LOVE Clover
LOVE107,LOVE Donut
LOVE108,LOVE Fishing Bobber
LOVE109,LOVE Flip Flops
LOVE110,LOVE Headphones
LOVE111,LOVE Ice Cream
LOVE112,LOVE Island Drink
LOVE113,LOVE Moon and Stars
LOVE114,LOVE Oranges
LOVE115,LOVE Peace Sign
LOVE116,LOVE Peaches
LOVE117,LOVE Peaches 2
LOVE118,LOVE Pizza
LOVE119,LOVE Shell
LOVE120,LOVE Slowflake
LOVE121,LOVE Cards
LOVE122,LOVE Sun
LOVE123,LOVE Black Swan
LOVE124,LOVE TN Stars
LOVE125,LOVE Weed
LOVE126,LOVE Wine
LOVE127,LOVE Christmas Ball
LOVE128,LOVE Colorado
LOVE129,LOVE Sushi Roll
LOVE130,LOVE Sashimi
LOVE131,LOVE Pride
LOVE132,AMOR Pride
MUSL101,Music is Life
MUSL102,I Heart Music
MUSL103,Support Local Music
MUSL104,Vintage Tape
MUSL105,Microphone Icon
MUSL106,Drum Icon
MUSL107,Headphones Icon
MUSL108,Acoustic Guitar icon
MUSL109,Grand Piano
MUSL110,Electric Guitar
MUSL111,Electric Bass
MUSL112,Acoustic Guitar
MUSL113,Ukulele
MUSL114,Trombone
MUSL115,Trumpet
MUSL116,Vinyl Records
MUSL117,Treble Clef
MUSL118,Bass Clef
MUSL119,Alto Clef
MUSL120,Clef Heart
MUSL121,Rocker Hand
MUSL122,Acoustic Guitar Online
MUSL123,MUSIC in Symbols
MUSL124,Music Staff
MUSL125,Color Keyboard
MUSL126,Music Controls
MUSL127,Love Loud
MUSL128,Route Time Signature
MUSL129,Warning Air Guitar
MUSL130,Warning Air Drums
MUSL131,Too Loud
MUSL132, Don't Stop
PARK101-AG,Acadia Badge
PARK102-AG,American Samoa Badge
PARK103-AG,Arches Badge
PARK104-AG,Badlands Badge
PARK105-AG,Big Bend Badge
PARK106-AG,Biscayne Badge
PARK107-AG,Black Canyon Badge 1
PARK108-AG,Black Canyon Badge 2
PARK109-AG,Bryce Canyon Badge
PARK110-AG,Canyonlands Badge
PARK111-AG,Capitol Reef Badge
PARK112-AG,Carlsbad Caverns Badge
PARK113-AG,Channel Islands Badge
PARK114-AG,Congaree Badge
PARK115-AG,Crater Lake Badge
PARK116-AG,Cuyahoga Valley Badge
PARK117-AG,Death Valley Badge
PARK118-AG,Death Valley Roadrunner Badge
PARK119-AG,Death Valley Skull Badge
PARK120-AG,Denali Badge
PARK121-AG,Dry Tortugas Badge
PARK122-AG,Everglades Badge 
PARK123-AG,Gates of the Arctic Badge
PARK124-AG,Gateway Arch Badge
PARK125-AG,Glacier Bay Badge
PARK126-AG,Glacier Badge
PARK127-AG,Grand Teton Badge
PARK128-AG,Grand Canyon Badge 1 
PARK129-AG,Grand Canyon Badge 2
PARK130-AG,Great Basin Badge
PARK131-AG,Great Sand Dunes Badge
PARK132-AG,Great Smoky Mountains Badge
PARK133-AG,Guadalupe Mountains Badge
PARK134-AG,Haleakala Badge
PARK135-AG,Hawaii Volcanoes Badge
PARK136-AG,Hot Springs Badge
PARK137-AG,Indiana Dunes Badge
PARK138-AG,Isle Royale Badge
PARK139-AG,Joshua Tree Badge
PARK140-AG,Katmai Badge
PARK141-AG,Kenai Fjords Badge
PARK142-AG,Kings Canyon Badge
PARK143-AG,Kobuk Valley Badge
PARK144-AG,Lake Clark Badge
PARK145-AG,Lassen Volcanic Badge
PARK146-AG,Mammoth Cave Badge
PARK147-AG,Mesa Verde Badge 
PARK148-AG,Mt Rainer Badge
PARK149-AG,Mt Rushmore Badge
PARK150-AG,North Cascades Badge
PARK151-AG,Olympic Badge
PARK152-AG,Petrified Forest Badge
PARK153-AG,Pinnacles Badge
PARK154-AG,Redwood Badge
PARK155-AG,Rocky Mountain Badge
PARK156-AG,Saguaro Badge
PARK157-AG,Sequoia Badge
PARK158-AG,Sehenandoah Cardinal Badge
PARK159-AG,Shenandoah Deer Badge
PARK160-AG,Theodore Roosevelt Badge
PARK161-AG,Virgin Islands Badge
PARK162-AG,Voyageurs Badge
PARK163-AG,Wind Cave Badge
PARK164-AG,Wrangell St. Elias Badge
PARK165-AG,Yellowstone Badge
PARK166-AG,Yosemite Badge
PARK167-AG,Zion Badge 
PARK168-AG,Arches Map
PARK169-AG,Glacier Map
PARK170-AG,Grand Canyon Map
PARK171-AG,Great Smokey Mountains Map
PARK172-AG,Yellowstone Map
PARK173-AG,Yosemite Map
PARK174-ST,Arches Landscape
PARK175-ST,Badlands Landscape
PARK176-ST,Glacier Landscape
PARK177-ST,Grand Canyon Landscape
PARK178-ST,Olympic Landscape
PARK179-ST,Voyageurs Landscape
PARK180-ST,Yellowstone Landscape
PARK181-AG,Katmai
PARK182-AG,Kenai Fjords
PARK183-AG,Gates of the Arctic
PARK184-AG,Kobuk Valley
PARK185-AG,Lake Clark
PARK186-AG,Living on the Edge
PARK187-AG,Wrangell St. Elias
PARK188-AG,A View To Remember
PARK189-AG,Glacier Bay Orca
PARK190-AG,Denali Caribou
PARK191-AG,Denali Dall Sheep
PARK192-AG,Denali Wolf
PARK193-AG,Grand Canyon Vista
PARK194-AG,Big Bend
PARK195-AG,Arches KC
PARK196-AG,Arches Horizontal
PARK197-AG,Canyonlands
PARK198-AG,Grand Canyon 100th
PARK199-AG,Grand Canyon Watchtower
PARK200-AG,Grand Canyon Kayaks
PARK201-AG,Arches Park Map
PARK202-AG,Grand Canyon Park Map
PARK203-AG,Petrified Forest National Park
PARK204-AG,Pinnacle High Peak
PARK205-AG,Saguaro National Park
PARK206-AG,Canyon Chelly Arizona
PARK207,Grand Canyon RawPrint
PARK208-AG,Grand Canyon River View
PARK209-AG,Hot Springs
PARK210-AG,Redwood National Park
PARK211-AG,Death Valley National Park
PARK212-AG,Death Valley Roadrunner
PARK213-AG,Death Valley Wildflowers
PARK214-AG,Joshua Tree National Park
PARK215-AG,Joshua Tree Sunrise
PARK216-AG,Lassen Volcanic
PARK217-AG,Yosemite Half Dome Vista
PARK218-AG,Rocky Mountain Cougar
PARK219-AG,Yosemite Half Dome
PARK220,Joshua Tree RawPrint
PARK221,Yosemite RawPrint
PARK222,Channel Isalnds Dolphins
PARK223-AG,Death Valley Cow Skull
PARK224-AG,Death Valley Sailing Stone
PARK225-AG,Death Valley Sand Dunes
PARK226-AG,Death Valley Zabriskie Point
PARK227-AG,Kings Canyon Bears
PARK228-AG,Pinnacles High Peak
PARK229-AG,Pinnacles NP
PARK230-AG,Redwood NP
PARK231-AG,Sequoia NP
PARK232-AG,Yosemite Half Dome River
PARK233-AG,Yosemite NP
PARK234-AG,Yosemite Horizontal
PARK235-AG,Mesa Verde
PARK236-AG,Mesa Verde Cliffs
PARK237-AG,Rocky Mountain National Park                                                                                                                                                                                                                                                                              
PARK238-AG,Rocky Mountain RawPrint
PARK239,Flat Iron RawPrint
PARK240,Mesa Verde RawPrint
PARK241,Black Canyon of Gunnison
PARK242-AG,Black Canyon Trout
PARK243-AG,CO Quad Design
PARK244-AG,Great Sand Dunes
PARK245-AG,Longs Peak
PARK246-AG,Rocky Mountain NP
PARK247-AG,Sprauge Lake
PARK248-AG,Biscayne Hammerhead
PARK249-AG,Dry Tortugas
PARK250-AG,Everglades
PARK251-AG,Biscayne Diver
PARK252-AG,Everglades Gator
PARK253-AG,Everglades Snowy Egret
PARK254-AG,Haleakala
PARK255-AG,Hawaii Volcanoes
PARK256-AG,Acadia 100th Anniversary
PARK257-AG,Acadia Bass Harbor
PARK258-AG,Acadia
PARK259-AG,Gateway Arch
PARK260-AG,Yellowstone Bison Crossing
PARK261-AG,A View to Remember
PARK262-AG,Yellowstone
PARK263-AG,Glacier Lynx
PARK264,Yellowstone Moose
PARK265,Glacier Black Square
PARK266-DP,Glacier NP Moose Sunset
PARK267,Glacier NP Grizzly Bear Badge
PARK268,Colorful Mountain Goat
PARK269,Glacier NP Moose Badge
PARK270,Glacier NP Hidden Lake
PARK271,Glacier RawPrint
PARK272,Yellowstone RawPrint
PARK273,Glacier Mountain Goats
PARK274-AG,Going to Sun Road
PARK275-AG,Glacier NP Bear
PARK276-AG,Great Basin Lexington Arch
PARK277-AG,Carlsbad Caverns KC
PARK278-AG,Cralsbad Hall of Giants
PARK279-AG,Theodore Roosevelt
PARK280-AG,Brandywine Falls
PARK281-AG,Smith Rock Oregon
PARK282-AG,John Day Fossil Bed
PARK283-AG,Crater Lake Fox
PARK284-AG,Crater Lake Winter
PARK285-AG,Congaree
PARK286-AG,Badlands the Good life
PARK287-AG,Wind Cave
PARK288-AG,Badlands NP KC
PARK289-AG,Great Smokey Mountains
PARK290-AG,Big Bend
PARK291-AG,Big Bend Balanced Rock
PARK292-AG,Big Bend Rio Grande
PARK293-AG,Capitol Reef RawPrint
PARK294,Zion Narrows
PARK295-AG,Zion 100th
PARK296-AG,Zion Great White Throne
PARK297-AG,Zion Angel's Landing
PARK298-AG,Zion Sacred Cliffs
PARK299-AG,Zion Narrows KC
PARK300-AG,Bryce Canyon Horseback
PARK301-AG,Bryce Canyon Queens Garden
PARK302-AG,Capitol Reef KC
PARK303-AG,Captiol Reef Cathedral Valley
PARK304-AG,Canyonlands Mesa Arch
PARK305-AG,Arches National Park
PARK306,Vintage Zion
PARK307,Crawford Arch Zion
PARK308,Kolob Arch Zion
PARK309,Zion Night Sky
PARK310,Zion RawPrint
PARK311,Visit Bryce Canyon
PARK312-AG,Zion NP
PARK313-AG,Shenandoah Owl
PARK314-AG,Shenandoah Vardinal
PARK315-AG,Shenandoah NP
PARK316-AG,Cascades
PARK317-AG,Mount Rainer WA
PARK318-AG,Olympic NP
PARK319-AG,Grand Teton
PARK320-AG,Yellowstone
PARK321-AG,Grand Teton RawPrint
PARK322,Yellowstone RawPrint
PARK323,Yellowstone National Park
PARK324-AG,Grant Teton WY
PARK325-AG,Yellowstone Bison
PARK326-AG,Yellowstone Falls
PARK327-AG,Grand Prismatic Springs
PARK328-AG,Yellowstone Gray Wolf
PARK329-AG,Yellowstone Lake
PARK330-AG,Yellowstone Tower Falls
POP101,Practice Aloha
PRD101,Pride Flag
PRD102,Pride Rainbow
PRD103,Pride Heart
PRD104,Pride Smiley
PRD105,Human Rights Campaign
PRD106,Human Rights Campaign (RED)
PRD107,Pride Peace
PRD108,Pride Paw
PRD109,Pride Semicolon
PRD110,Pride Social Media
PRD111,Pride Weed
PRD112,Pride Sitcom
PRD113,Pride Name Drop
PRD114,Pride Heart Rainbow
PRD115,Love is Love
PRD116,Pride Ally
PRD117,Pride Alabama
PRD118,Pride Alaska
PRD119,Pride Arizona
PRD120,Pride Arkansas
PRD121,Pride California
PRD122,Pride Colorado
PRD123,Pride Connecticut
PRD124,Pride Delaware
PRD125,Pride Florida
PRD126,Pride Georgia
PRD127,Pride Hawaii
PRD128,Pride Idaho
PRD129,Pride Illinois
PRD130,Pride Indiana
PRD131,Pride Iowa
PRD132,Pride Kansas
PRD133,Pride Kentucky
PRD134,Pride Louisiana
PRD135,Pride Maine
PRD136,Pride Maryland
PRD137,Pride Massachusetts
PRD138,Pride Michigan
PRD139,Pride Minnesota
PRD140,Pride Mississippi
PRD141,Pride Missouri
PRD142,Pride Montana
PRD143,Pride Nebraska
PRD144,Pride Nevada
PRD145,Pride New Hampshire
PRD146,Pride New Jersey
PRD147,Pride New Mexico
PRD148,Pride New York
PRD149,Pride North Carolina
PRD150,Pride North Dakota
PRD151,Pride Ohio
PRD152,Pride Oklahoma
PRD153,Pride Oregon
PRD154,Pride Pennsylvania
PRD155,Pride Rhode Island
PRD156,Pride South Carolina
PRD157,Pride South Dakota
PRD158,Pride Tennessee
PRD159,Pride Texas
PRD160,Pride Utah
PRD161,Pride Vermont
PRD162,Pride Virginia
PRD163,Pride Washington
PRD164,Pride West Virginia
PRD165,Pride Wisconsin
PRD166,Pride Wyoming
SBCH101,Trippy Sun
SBCH102,Make It A Double
SBCH103,Floating Bones
SBCH104,Surfing Bones
SBCH105,Hang Ten
SBCH106,Surf Badge
SBCH107,Ocean RV
SBCH108,Road Trip Ready
SBCH109,Lifegaurd Badge
SBCH110,Lighthouse
SBCH111,Dive Flag Shark
SBCH112,Cowboy Boot (Gray)
SBCH113,Chill Vibes
SBCH114,No Bad Days
SBCH115,Cool As A Pineapple
SBCH116,Happy Pineapple
SBCH117,My Happy Place
SBCH118,Beach Badge
SBCH119,Mermaid
SBCH120,Sailboat 1
SBCH121,Hang Loose
SBCH122-ST,VW Beach Bus
SBCH123,Surfing
SBCH124-ST,North Shore
SBCH125,Lobster
SBCH126,Crab
SBCH127,Sailboat 2
SBCH128,Sailboat 3
SBCH129,Sailboat 4
SBCH130,Lighthouse 1
SPRT101,Ski 1
SPRT102,Ski 2
SPRT103,Ski 3
SPRT104-DP,Snowflake Badge
SPRT105,Fly Fishing
SPRT106-DP,Peak Red Sun
SPRT107,Fly Fishing 2
SPRT108,Philly Special
SPRT109,Ski 4
SPRT110,Snowflake
STP101,Alabama Flag
STP102,Alabama Flag Distressed
STP103,Alabama Flag Cutout
STP104,Alabama Crest
STP105,LOVE Alabama
STP106,HOME Alabama
STP107 -AG,Alabama Badge
STP108-AG,Alabama State Pride
STP109,Alaska Flag
STP110,Alaska Flag Distressed
STP111,Alaska Flag Cutout
STP112,Alaska Crest
STP113,LOVE Alaska
STP114,HOME Alaska
STP115-AG,Alaska Badge
STP116-AG,Alaska State Pride
STP117,Arizona Flag
STP118,Arizona Flag Distressed
STP119,Arizona Flag Cutout
STP120,Arizona Crest
STP121,LOVE Arizona
STP122,HOME Arizona
STP123-AG,Arizona Badge
STP124-AG,Arizona State Pride
STP125,Arkansas Flag
STP126,Arkansas Flag Distressed
STP127,Arkansas Flag Cutout
STP128,Arkansas Crest
STP129,LOVE Arkansas
STP130,HOME Arkansas
STP131-AG,Arkansas Badge
STP132-AG,Arkansas State Pride
STP133,California Flag
STP134,California Flag Distressed
STP135,California Flag Cutout
STP136,California Crest
STP137,LOVE California
STP138,HOME California
STP139-AG,California Badge
STP140-AG,California State Pride
STP141,Colorado Flag
STP142,Colorado Flag Distressed
STP143,Colorado Flag Cutout
STP144,Colorado Crest
STP145,LOVE Colorado
STP146,HOME Colorado 
STP147-AG,Colorado Badge
STP148-AG,Colorado State Pride
STP149,Connecticut Flag
STP150,Connecticut Flag Distressed
STP151,Connecticut Flag Cutout
STP152,Connecticut Crest
STP153,LOVE Connecticut
STP154,HOME Connecticut
STP155-AG,Connecticut Badge
STP156-AG,Connecticut State Pride
STP157,Delaware Flag
STP158,Delaware Flag Distressed
STP159,Delaware Flag Cutout
STP160,Delaware Crest
STP161,LOVE Delaware
STP162,HOME Delaware
STP163-AG,Delaware Badge
STP164-AG,Delaware State Pride
STP165,Florida Flag
STP166,Florida Flag Distressed
STP167,Florida Flag Cutout
STP168,Florida Crest
STP169,LOVE Florida
STP170,HOME Florida
STP171-AG,Florida Badge
STP172-AG,Florida State Pride
STP173,Georgia Flag
STP174,Georgia Flag Distressed
STP175,Georgia Flag Cutout
STP176,Georgia Crest
STP177,LOVE Georgia
STP178,HOME Georgia
STP179-AG,Georgia Badge
STP180-AG,Georgia State Pride
STP181,Hawaii Flag
STP182,Hawaii Flag Distressed
STP183,Hawaii Flag Cutout
STP184,Hawaii Crest
STP185,LOVE Hawaii
STP186,HOME Hawaii
STP187-AG,Hawaii Badge
STP188-AG,Hawaii State Pride
STP189,Idaho Flag
STP190,Idaho Flag Distressed
STP191,Idaho Flag Cutout
STP192,Idaho Crest
STP193,LOVE Idaho
STP194,HOME Idaho
STP195-AG,Idaho Badge
STP196-AG,Idaho State Pride
STP197,Illinois Flag
STP198,Illinois Flag Distressed
STP199,Illinois Flag Cutout
STP200,Illinois Crest
STP201,LOVE Illinois
STP202,HOME Illinois
STP203-AG,Illinois Badge
STP204-AG,Illinois State Pride
STP205,Indiana Flag
STP206,Indiana Flag Distressed
STP207,Indiana Flag Cutout
STP208,Indiana Crest
STP209,LOVE Indiana
STP210,HOME Indiana
STP211-AG,Indiana Badge
STP212-AG,Indiana State Pride
STP213,Iowa Flag
STP214,Iowa Flag Distressed
STP215,Iowa Flag Cutout
STP216,Iowa Crest
STP217,LOVE Iowa
STP218,HOME Iowa
STP219-AG,Iowa Badge
STP220-AG,Iowa State Pride
STP221,Kansas Flag
STP222,Kansas Flag Distressed
STP223,Kansas Flag Cutout
STP224,Kansas Crest
STP225,LOVE Kansas
STP226,HOME Kansas
STP227-AG,Kansas Badge
STP228-AG,Kansas State Pride
STP229,Kentucky Flag
STP230,Kentucky Flag Distressed
STP231,Kentucky Flag Cutout
STP232,Kentucky Crest
STP233,LOVE Kentucky
STP234,HOME Kentucky
STP235-AG,Kentucky Badge
STP236-AG,Kentucky State Pride
STP237,Louisiana Flag
STP238,Louisiana Flag Distressed
STP239,Louisiana Flag Cutout
STP240,Louisiana Crest
STP241,LOVE Louisiana
STP242,HOME Louisiana
STP243-AG,Louisiana Badge
STP244-AG,Louisiana State Pride
STP245,Maine Flag
STP246,Maine Flag Distressed
STP247,Maine Flag Cutout
STP248,Maine Crest
STP249,LOVE Maine
STP250,HOME Maine
STP251-AG,Maine Badge
STP252-AG,Maine State Pride
STP253,Maryland Flag
STP254,Maryland Flag Distressed
STP255,Maryland Flag Cutout
STP256,Maryland Crest
STP257,LOVE Maryland
STP258,HOME Maryland
STP259-AG,Maryland Badge
STP260-AG,Maryland State Pride
STP261,Massachusetts Flag
STP262,Massachusetts Flag Distressed
STP263,Massachusetts Flag Cutout
STP264,Massachusetts Crest
STP265,LOVE Massachusetts
STP266,HOME Massachusetts
STP267-AG,Massachusetts Badge
STP268-AG,Massachusetts State Pride
STP269,Michigan Flag
STP270,Michigan Flag Distressed
STP271,Michigan Flag Cutout
STP272,Michigan Crest
STP273,LOVE Michigan
STP274,HOME Michigan
STP275-AG,Michigan Badge
STP276-AG,Michigan State Pride
STP277,Minnesota Flag
STP278,Minnesota Flag Distressed
STP279,Minnesota Flag Cutout
STP280,Minnesota Crest
STP281,LOVE Minnesota
STP282,HOME Minnesota
STP283-AG,Minnesota Badge
STP284-AG,Minnesota State Pride
STP285,Mississippi Flag
STP286,Mississippi Flag Distressed
STP287,Mississippi Flag Cutout
STP288,Mississippi Crest
STP289,LOVE Mississippi
STP290,HOME Mississippi
STP291-AG,Mississippi Badge
STP292-AG,Mississippi State Pride
STP293,Missouri Flag
STP294,Missouri Flag Distressed
STP295,Missouri Flag Cutout
STP296,Missouri Crest
STP297,LOVE Missouri
STP298,HOME Missouri
STP299-AG,Missouri Badge
STP300-AG,Missouri State Pride
STP301,Montana Flag
STP302,Montana Flag Distressed
STP303,Montana Flag Cutout
STP304,Montana Crest
STP305,LOVE Montana
STP306,HOME Montana
STP307-AG,Montana Badge
STP308-AG,Montana State Pride
STP309,Nebraska Flag
STP310,Nebraska Flag Distressed
STP311,Nebraska Flag Cutout
STP312,Nebraska Crest
STP313,LOVE Nebraska
STP314,HOME Nebraska
STP315-AG,Nebraska Badge
STP316-AG,Nebraska State Pride
STP317,Nevada Flag
STP318,Nevada Flag Distressed
STP319,Nevada Flag Cutout
STP320,Nevada Crest
STP321,LOVE Nevada
STP322,HOME Nevada
STP323-AG,Nevada Badge
STP324-AG,Nevada State Pride
STP325,New Hampshire Flag
STP326,New Hampshire Flag Distressed
STP327,New Hampshire Flag Cutout
STP328,New Hampshire Crest
STP329,LOVE New Hampshire
STP330,HOME New Hampshire
STP331-AG,New Hampshire Badge
STP332-AG,New Hampshire State Pride
STP333,New Jersey Flag
STP334,New Jersey Flag Distressed
STP335,New Jersey Flag Cutout
STP336,New Jersey Crest
STP337,LOVE New Jersey
STP338,HOME New Jersey
STP339-AG,New Jersey Badge
STP340-AG,New Jersey State Pride
STP341,New Mexico Flag
STP342,New Mexico Flag Distressed
STP343,New Mexico Flag Cutout
STP344,New Mexico Crest
STP345,LOVE New Mexico
STP346,HOME New Mexico
STP347-AG,New Mexico Badge
STP348-AG,New Mexico State Pride
STP349,New York Flag
STP350,New York Flag Distressed
STP351,New York Flag Cutout
STP352,New York Crest
STP353,LOVE New York
STP354,HOME New York
STP355-AG,New York Badge
STP356-AG,New York State Pride
STP357,North Carolina Flag
STP358,North Carolina Flag Distressed
STP359,North Carolina Flag Cutout
STP360,North Carolina Crest
STP361,LOVE North Carolina
STP362,HOME North Carolina
STP363-AG,North Carolina Badge
STP364-AG,North Carolina State Pride
STP365,North Dakota Flag
STP366,North Dakota Flag Distressed
STP367,North Dakota Flag Cutout
STP368,North Dakota Crest
STP369,LOVE North Dakota
STP370,HOME North Dakota
STP371-AG,North Dakota Badge
STP372-AG,North Dakota State Pride
STP373,Ohio Flag
STP374,Ohio Flag Distressed
STP375,Ohio Flag Cutout
STP376,Ohio Crest
STP377,LOVE Ohio 
STP378,HOME Ohio 
STP379-AG,Ohio Badge
STP380-AG,Ohio State Pride
STP381,Oklahoma Flag
STP382,Oklahoma Flag Distressed
STP383,Oklahoma Flag Cutout
STP384,Oklahoma Crest
STP385,LOVE Oklahoma
STP386,HOME Oklahoma
STP387-AG,Oklahoma Badge
STP388-AG,Oklahoma State Pride
STP389,Oregon Flag
STP390,Oregon Flag Distressed
STP391,Oregon Flag Cutout
STP392,Oregon Crest
STP393,LOVE Oregon
STP394,HOME Oregon
STP395-AG,Oregon Badge
STP396-AG,Oregon State Pride
STP397,Pennsylvania Flag
STP398,Pennsylvania Flag Distressed
STP399,Pennsylvania Flag Cutout
STP400,Pennsylvania Crest
STP401,LOVE Pennsylvania
STP402,HOME Pennsylvania
STP403-AG,Pennsylvania Badge
STP404-AG,Pennsylvania State Pride
STP405,Rhode Island Flag
STP406,Rhode Island Flag Distressed
STP407,Rhode Island Flag Cutout
STP408,Rhode Island Crest
STP409,LOVE Rhode Island
STP410,HOME Rhode Island
STP411-AG,Rhode Island Badge
STP412-AG,Rhode Island State Pride
STP413,South Carolina Flag
STP414,South Carolina Flag Distressed
STP415,South Carolina Flag Cutout
STP416,South Carolina Crest
STP417,LOVE South Carolina
STP418,HOME South Carolina
STP419-AG,South Carolina Badge
STP420-AG,South Carolina State Pride
STP421,South Dakota Flag
STP422,South Dakota Flag Distressed
STP423,South Dakota Flag Cutout
STP424,South Dakota Crest
STP425,LOVE South Dakota
STP426,HOME South Dakota
STP427-AG,South Dakota Badge
STP428-AG,South Dakota State Pride
STP429,Tennessee Flag
STP430,Tennessee Flag Distressed
STP431,Tennessee Flag Cutout
STP432,Tennessee Crest
STP433,LOVE Tennessee
STP434,HOME Tennessee
STP435-AG,Tennessee Badge
STP436-AG,Tennessee State Pride
STP437,Texas Flag
STP438,Texas Flag Distressed
STP439,Texas Flag Cutout
STP440,Texas Crest
STP441,LOVE Texas
STP442,HOME Texas
STP443-AG,Texas Badge
STP444-AG,Texas State Pride
STP445,Utah Flag
STP446,Utah Flag Distressed
STP447,Utah Flag Cutout
STP448,Utah Crest
STP449,LOVE Utah
STP450,HOME Utah
STP451-AG,Utah Badge
STP452-AG,Utah State Pride
STP453,Vermont Flag
STP454,Vermont Flag Distressed
STP455,Vermont Flag Cutout
STP456,Vermont Crest
STP457,LOVE Vermont
STP458,HOME Vermont
STP459-AG,Vermont Badge
STP460-AG,Vermont State Pride
STP461,Virginia Flag
STP462,Virginia Flag Distressed
STP463,Virginia Flag Cutout
STP464,Virginia Crest
STP465,LOVE Virginia
STP466,HOME Virginia
STP467-AG,Virginia Badge
STP468-AG,Virginia State Pride
STP469,Washington Flag
STP470,Washington Flag Distressed
STP471,Washington Flag Cutout
STP472,Washington Crest
STP473,LOVE Washington
STP474,HOME Washington
STP475-AG,Washington Badge
STP476-AG,Washington State Pride
STP477,West Virginia Flag
STP478,West Virginia Flag Distressed
STP479,West Virginia Flag Cutout
STP480,West Virginia Crest
STP481,LOVE West Virginia
STP482,HOME West Virginia
STP483-AG,West Virginia Badge
STP484-AG,West Virginia State Pride
STP485,Wisconsin Flag
STP486,Wisconsin Flag Distressed
STP487,Wisconsin Flag Cutout
STP488,Wisconsin Crest
STP489,LOVE Wisconsin
STP490,HOME Wisconsin
STP491-AG,Wisconsin Badge
STP492-AG,Wisconsin State Pride
STP493,Wyoming Flag
STP494,Wyoming Flag Distressed
STP495,Wyoming Flag Cutout
STP496,Wyoming Crest
STP497,LOVE Wyoming
STP498,HOME Wyoming
STP499-AG,Wyoming Badge
STP500-AG,Wyoming State Pride
STP501,Washington DC Flag Distressed 
STP502,Washington DC Flag Cutout
STP503,Washington DC Crest
STP504-AG,Arizona Cactus Badge
STP505-AG,Delaware Badge Horseback
STP506,Star
STP507,Tennessee Flag Stars
STP508-AG,Texas Badge 2
STP509,Capitol Building
STP510-AG,Utah Flag Badge
STP511-AG,Wisconsin Loon Badge
SLP101,Alabama Liscense Plate
 SLP102,Alaska Liscense Plate
SLP103,Arizona Liscense Plate
SLP104,Arkansas Liscense Plate
SLP105,California Liscense Plate
SLP106,Colorado Liscense Plate
SLP107,Connecticut Liscense Plate
SLP108,Delaware Liscense Plate
SLP109,Florida Liscense Plate
SLP110,Georgia Liscense Plate
SLP111,Hawaii Liscense Plate
SLP112,Idaho Liscense Plate
SLP113,Illinois Liscense Plate
SLP114,Indiana Liscense Plate
SLP115,Iowa Liscense Plate
SLP116,Kansas Liscense Plate
SLP117,Kentucky Liscense Plate
SLP118,Louisiana Liscense Plate
SLP119,Maine Liscense Plate
SLP120,Maryland Liscense Plate
SLP121,Massachusetts Liscense Plate
SLP122,Michigan Liscense Plate
SLP123,Minnesota Liscense Plate
SLP124,Mississippi Liscense Plate
SLP125,Missouri Liscense Plate
SLP126,Montana Liscense Plate
SLP127,Nebraska Liscense Plate
SLP128,Nevada Liscense Plate
SLP129,New Hampshire Liscense Plate
SLP130,New Jersey Liscense Plate
SLP131,New Mexico Liscense Plate
SLP132,New York Liscense Plate
SLP133,North Carolina Liscense Plate
SLP134,North Dakota Liscense Plate
SLP135,Ohio Liscense Plate
SLP136,Oklahoma Liscense Plate
SLP137,Oregon Liscense Plate
SLP138,Pennsylvania Liscense Plate
SLP139,Rhode Island Liscense Plate
SLP140,South Carolina Liscense Plate
SLP141,South Dakota Liscense Plate
SLP142,Tennessee Liscense Plate
SLP143,Texas Liscense Plate
SLP144,Utah Liscense Plate
SLP145,Vermont Liscense Plate
SLP146,Virginia Liscense Plate
SLP147,Washington Liscense Plate
SLP148,Washington DC Liscense Plate
SLP149,West Virginia Liscense Plate
SLP150,Wisconsin Liscense Plate
SLP151,Wyoming Liscense Plate
STRT101,Sunset Blvd
STRT102,US 101 Sign
STRT103,International Drive
STRT104,Bourbon Street
STRT105,Orleans Street
STRT106,Ocean Ave
STRT107,Wall Street
STRT108,Broadway
STRT109,Broad Street
UST101-AG,Alaska Eagle
UST102-AG,Kenai
UST103-AG,Alaska Sitka
UST104-AG,Ketchikan AK
UST105-AG,Lake Powell Arizona
UST106-AG,Marble Canyon Arizona
UST107-AG,Bell Rock Arizona
UST108-AG,Cathedral Rock Arizona
UST109,Rock
UST110-AG,Glen Canyon Dam
UST111-AG,Havasa Falls
UST112-AG,Whitaker Point
UST113-AG,California Dreaming
UST114-AG,Golden Gate Bridge
UST115-AG,Big Sur California
UST116-AG,Devil's Postpile California
UST117-AG,Mono Lake California
UST118,Chandelier Tree
UST119-ST,Route 66
UST120-JL,Emerald Bay Lake Tahoe
UST121-JL,Lake tahoe Skiing
UST122-JL,Mammoth Mountain CA
UST123-JL,Ski Mammoth CA
UST124-AG,Coastal CA
UST125-AG,Muir Woods
UST126-AG,Alcatraz
UST127-AG,Catalina Island
UST128-AG,Dive Into CA
UST129-AG,Huntington Beach CA
UST130-AG,Laguana Beach CA
UST131-AG,LA Skyline
UST132-AG,Malibu CA
UST133-AG,Monterey CA
UST134-AG,Orange County CA
UST135-AG,Palm Springs CA
UST136-AG,Pasadena CA
UST137-AG,San Diego CA
UST138-AG,San Jose CA
UST139-AG,Santa Monica KC Girl
UST140-AG,Santa Monica Pier Yellow
UST141-AG,Santa Monica Route 66
UST142-AG,Ski Aspen
UST143-AG,Denver Skyline
UST144,Flat Iron RawPrint
UST145,Vali Ski Patch
UST146-AG,Macy's Rockies
UST147-AG,Maroon Bells CO
UST148-AG,Pikes Peak
UST149-AG,Telluride CO
UST150-AG,Canyons of the Ancients
UST151-AG,Chimney Rock CO
UST152-AG,CO National Monument
UST153-AG,Garden of the Gods
UST154-AG,Hovenweep
UST155-JL,Fairfeild Church
UST156-JL,Fairfelid Theater
UST157-JL,Kent Falls CT
UST158-AG,DC War Memorial
UST159-AG,DC Iwo Jima Badge
UST160-AG,Miami Moment
UST161-AG,Destin Beach FL
UST162-AG,Map of Florida
UST163-AG,Myaka River
UST164-AG,Florida Manatee
UST165,Visit Naples
UST166,Naples Pier RawPrint
UST167-JL,Key West Close to Perfect
UST168-JL,Key West Fishing
UST169-JL,Key West Green Parrot
UST170-JL,Key West to Cuba
UST171-JL,Miami Beach
UST172-JL,Old Key West
UST173-AG,Havana Shade
UST174-AG,Dive into FL
UST175-AG,Atlanta GA Print Shop
UST176,Stone Mountain
UST177-AG,Atlanta Downtown
UST178-AG,Savannah GA
UST179-AG,Travel to Hawaii
UST180-AG,Hawaii NaPali
UST181,Maui Hula
UST182,Aloha
UST183,Hawaii Sunset
UST184-AG,Pearl Harbor
UST185-AG,Hawaii Parrot
UST186-AG,Maui HI
UST187,Chicago Building
UST188-AG,Hoosier National Forest
UST189-DP,Natural Bridge KY
UST190-AG,Lexington KY
UST191-AG,Louisville KY
UST192-AG,My Old KY Home
UST193-AG,New Orleans
UST194-AG,Maine Vacationland
UST195-AG,Baltimore MD
UST196-AG,Boston Harbor
UST197-AG,Cape Cod Whale Watching
UST198-AG,Boston Common
UST199-AG,Martha's Vineyard
UST200-AG,Nantucket MA
UST201-AG,Sleeping Bear Dunes
UST202,University of Michigan
UST203-ST,Minni Soda (Bunyan)
UST204-ST,Minni Soda (Kids)
UST205-ST,Cloquet Water Tower
UST206-ST,Lindstrom Water Tower
UST207-ST,Pequot Water Tower
UST208-ST,Rochester Water Tower
UST209,Beehive Basin MT
UST210,Big Sky Lone Peak RawPrint
UST211-AG,Big Sky MT
UST212-AG,Scotts Bluff
UST213,Welcome to Las Vegas
UST214,Monte Carlo
UST215,Slot Machine Reno
UST216,Reno Dice
UST217-JL,Las Vegas Elvis
UST218-JL,Las Vegas Hotels
UST219-JL,Las Vegas Ratpack
UST220-JL,Venetian
UST221-JL,Venetian (Nighttime)
UST222-JL,Vegas Beach
UST223-JL,Vegas Diamond
UST224-JL,Vegas Dunes
UST225-JL,Vegas Hoover Dam
UST226-JL,Vegas Sands
UST227-JL,Vegas Show
UST228-JL,Vegas Stardust
UST229-JL,Vegas Strip
UST230-AG,Hoover Dam
UST231-AG,Vintage Las Vegas
UST232-AG,The Vast Southwest
UST233-AG,Red Rock Canyon
UST234-AG,Red Rock Donkey
UST235-AG,Cape May
UST236,Cape May Mermaid
UST237-AG,NJ Shoreline
UST238-AG,Red Canyon
UST239-AG,Alburquerque Hot Air Balloon
UST240-JL,Santa Fe
UST241-JL,Santa Fe Railway
UST242-AG,Santa Fe NM
UST243-AG,Chaco Culture
UST244-AG,Shiprock Peak
UST245-AG,White Sands
UST246-AG,Map of New York
UST247-AG,New York Minute
UST248-AG,NY Vintage Liberty
UST249-AG,Watkins Glen
UST250,Broadway Liberty
UST251,Niagra Falls RawPrint
UST252-ST,Coney Island
UST253-ST,New York
UST254-AG,Map of North Carolina
UST255-AG,Grandfather Mountain NC
UST256-AG,Asheville NC
UST257-AG,Blue Ridge Parkway
UST258-AG,Linville Falls NC
UST259-AG,Outer Banks NC
UST260-AG,Raleigh NC
UST261-AG,Cleaveland Electric Guitar
UST262-AG,Mt Hood OR
UST263-AG,Portland OR
UST264-AG,Philadelphia Franklin
UST265,Philly PA Liberty Bell
UST266,Philly Franklin
UST267,Philly Skyline
UST268,Independence Hall RawPrint
UST269,Geno's Steaks RawPrint
UST270,Cityscape RawPrint
UST271-AG,Art Museum Rocky Statue
UST272-AG,Gettysburg
UST273-AG,Phila Liberty Bell
UST274-AG,Newport RI
UST275-AG,Charleston SC
UST276-AG,Myrtle Beach SC
UST277,Mt Rushmore Dimensions
UST278-AG,Stones River Battlefield
UST279-AG,Pioneer Woman
UST280-AG,Map of Texas
UST281-AG,Austin Texas Mod Print
UST282-AG,Lone Star Hiking Trail
UST283-AG,Guadalupe Mountains
UST284-AG,Bryce Peekaboo
UST285-AG,Rainbow Bridge Utah
UST286-AG,Cedar Breaks Utah
UST287-AG,Chaco Culture Utah
UST288-JL,Ski Utah
UST289,Utah Unique
UST290,Utah Land of Color
UST291,Explore Utah
UST292,Salt Lake Temple
UST293,Bonneville Salt Flats
UST294,Utah Nature State Shape
UST295,Skyline
UST296-AG,Salt Lake City Skyline
UST297-AG,Goblin Valley
UST298-AG,Hovenweep
UST299-AG,Red Canyon Dixie
UST300-AG,Valley of the Gods
UST301-AG,Vermont Covered Bridge
UST302-AG,Map of Virginia
UST303-AG,Chesapeake Bay
UST304-AG,Virginia Beach
UST305-JL,Seattle
UST306-AG,Mount St. Helens
UST307-AG,Seattle WA
UST308-AG,Blackwater Falls
UST309-ST,Hayward Water Tower
UST310-AG,Devils Tower
UST311-AG,Jackson WY
UST312-AG,Old Faithful Inn
WAF101,Wild & Free Cow
WAF102,Wild & Free Chicken
WAF103,Wild & Free Duck
WAF104,Wild & Free Pig
WAF105,Wild & Free Bear
WAF106,Wild & Free Mountain Lion
WAF107,Wild & Free Wolf
WAF108,Wild & Free Bison
WAF109,Wild & Free Elk
WAF110,Wild & Free Rabbit
WAF111,Wild & Free Fox
WAF112,Wild & Free Racoon
WAF113,Wild & Free Eagle
WAF114,Wild & Free Bronco
WAF115,Wild & Free Coyote
WAF116,Wild & Free Owl
WAF117,Wild & Free Dolphin
WAF118,Wild & Free Shark
WAF119,Wild & Free Fish
WAF120,Wild & Free Sea Turtle
WAF121,Wild & Free Jellyfish
WAF122,Wild & Free Seahorse
WAF123,Wild & Free Crab
WAF124,Wild & Free Seal
WAF125,Wild & Free Frog
WAF126,Wild & Free Gecko
WAF127,Wild & Free Alligator
WAF128,Wild & Free Tortoise
WAF129,Wild & Free Snake
WAF130,Wild & Free Butterfly
WAF131,Wild & Free Dragonfly
WAF132,Wild & Free Honey Bee
WAF133,Wild & Free Marlin
WAF134,Wild & Free Moose
WAF135,Wild & Free Moose 2
WAF136,Wild & Free Bison 2
WEST101,Howdy! Name Drop
WEST102,Wood Crates
WEST103,Saloon Doors
WEST104,Buck Skull
WEST105,Cattle Skull (Bones)
WEST106,Cattle Skull (Arrows)
WEST107,Cowboy Hat  (Tan)
WEST108,Cowboy Hat (Black)
WEST109,Native American
WEST110,Potted Cactus
WEST111,Cowboy Boot (Brown)
WEST112,Cowboy Boot (Gray)
WEST113,Horseshoe Icon
WEST114,Sherrif Badge Icon
WEST115,Chili Pepper
WEST116,Wood Sign Post
WEST117,Howdy Podner
WEST118,Cactus Badge
WEST119,Route 66
WEST120,Made in Texas
WEST121,Mimbres Lizard
WEST122,Distressed Text
WEST123,Windmill
WEST124,Cacti Sunset
WEST125,Wild Boar
WEST126,Coyote
WEST127,Bucking Bronco
WEST128,Desert
WEST129,Dude Ranch
