EA98,Alligator
EA99,Arctic Fox
EA100,Bald Eagle
EA101,Brear
EA102,Bison
EA103,Blue Morpho
EA104,Buffalo
EA105,Cactus
EA106,Caribou
EA107,Chinook
EA108,Cougar
EA109,Coyote Full
EA110,Crab
EA111,Deer
EA112,Desert Tortoise
EA113,Dolphin
EA114,Elk
EA115,Frog
EA116,Granny Orca
EA117,Grizzly bear
EA118,Hawk
EA119,Horse
EA120,Kokopelli
EA121,Lizard
EA122,Lynx
EA123,Macaw
EA124,Manatee
EA125,Moose
EA126,Octopus
EA127,Orca
EA128,Phoenix
EA129,Road Runner
EA130,Salmon
EA131,Sasquatch
EA132,Seaturtle
EA133,Shark
EA134,Skull
EA135,Stingray
EA136,Toucan
EA137,Turtle
EA138,Walrus
EA139,Whale
EA140,Howling Wolf
EA141,Wolf Standing
EA142,Dragonfly
EA143,Fox
EA144,Mountain Lion
EA145,Rooster
FOOD98,Orange
FOOD99,Peach
FOOD100,Hotdog
FOOD101,Pretzel
FOOD102,Hot Chicken
GRTO98,Appalachian Trail Badge
GRTO99,Arizona Trail Badge
GRTO100,Continental Divide Trail Badge
GRTO101,Florida Trail Badge
GRTO102,Ice Age Trail Badge
GRTO103,Natchez Trace Trail Badge
GRTO104,National Recreation Trail Badge
GRTO105,New England Trail Badge
GRTO106,North County Trail Badge
GRTO107,Pacific Crest Trail Badge
GRTO108,Pacific Northwest Trail Badge
GRTO109,Potomac Heritage Trail Badge
GRTO110,Tallahassee Trail Badge
GRTO111,Going to the Sun Road Badge
GRTO112,Home of the Big Foot Badge
GRTO113,Pacific Crest Trail System
GRTO114,Bigfoot Stay Wild
GRTO115,Bigfoot Dept Badge
GRTO116,Bigfoot Crossing Badge
GRTO117,Go Hike
GRTO118,Benchmark (Elevation)
GRTO119,Benchmark (Coordinates)
GRTO120,Mountain Sunrise
GRTO121,Blue Mountain
GRTO122,Evergreen
GRTO123,Palm
GRTO124,Cactus
GRTO125,Retro Mountain Badge
GRTO126,Retro Desert Badge
GRTO127,Retro Snowflake Badge
GRTO128,Retro Seagull Sunset Badge
GRTO129,Retro Surf Sunset Badge
GRTO130,Snowy Mountain Patch
GRTO131,Lake Mountain Patch
GRTO132,Lake With Canoe Patch
GRTO133,Mountain Biking Patch
GRTO134,Mountain Hiking Patch
GRTO135,Mountain Patch
GRTO136,Canoe Patch
GRTO137,Sunset Palm Patch
GRTO138,Nighttime Mountain Patch
GRTO139,Campfire Patch
GRTO140,Cabin Night Patch
GRTO141,Camping Tent Patch
GRTO142,River Forest Patch
GRTO143,Glacier Patch
GRTO144,Desert Flats Patch
GRTO145,Offroad Desert Patch
GRTO146,Get Lost
GRTO147,Carabiner
GRTO148,Lake With Canoe Patch
GRTO149,Arrowhead
GRTO150,Take a Hike
GRTO151,Bear Patch
GRTO152,Bison Patch
GRTO153,Blue Heron Patch
GRTO154,Eagle Patch
GRTO155,Cougar Patch
GRTO156,Elk Patch
GRTO157,Gator Patch
GRTO158,Moose Patch
GRTO159,Manattee Patch
GRTO160,Roadrunner Patch
GRTO161,Wolf Patch
GRTO165-AG,Bear Badge
GRTO166-AG,Caribou Badge
GRTO167-AG,Eagle Badge
GRTO168-AG,Moose Badge
GRTO169-AG,Salmon Badge
GRTO170-AG,White Tail Badge
GRTO171-AG,Wolf Badge
GRTO172-AG,Bears
GRTO170,Mauna Kea Benchmark
GRTO174-DP,Red River
GRTO172,Big Sky Country
GRTO173,Ski the Sky
GRTO177-DP,Sun Evergreen
GRTO178-DP,Trifecta Mountains
GRTO179-DP,Inlet
GRTO180-DP,Mount Red Layers
GRTO178,Mountain Rise
GRTO182-DP,Pie Moutain
GRTO183-DP,Color Mountain
GRTO181,Adventures
GRTO182,Life Eternal
GRTO183,Bison
HOME98,All I Care About
HOME99,Be The Change
HOME100,Be The Person Dog
HOME101,Beware of Dog Kisses
HOME102,Bless Your Heart
HOME103,Butter My Biscuit
HOME104,Cant Never Could
HOME105,Longitude Latitude 2
HOME106,Longitude Latitude 1
HOME107,Coffee Before Talkie
HOME108,Coffee Before Wine
HOME109,Life Too Short Coffee
HOME110,Sorry Plans With Dog
HOME111,Dogs Welcome
HOME112,Dont Give A Sip
HOME113,You Are My Favorite
HOME114,US Stars
HOME115,Love is Four Legged
HOME116,Hell Yeah
HOME117,Hold Your Horses
HOME118,Home Statedrop
HOME119,Home Sweet Home 2
HOME120,Home Sweet Home 1
HOME121,I Do Declare
HOME122,I Tend To Wine
HOME123,The Land I Love
HOME124,Wavy Name Drop
HOME125,Longitude Latitude 0
HOME126,Lord Have Mercy
HOME127,Love You More
HOME128,Mmm Hmmmm
HOME129,Love You To Moon
HOME130,My Kids Have Paws
HOME131,Need Love And Cats
HOME132,Perfect Day Be Happy
HOME133,Red Lips Wine Sips
HOME134,Relax And Unwind
HOME135,Paved with Paw Prints
HOME136,Save Water Drink Beer
HOME137,Save Water Drink Wine
HOME138,Love Statedrop
HOME139,Sweet Tea Yall
HOME140,We Brew It
HOME141,Welcome To Our Home
HOME142,Wine Not
HOME143,You Got This
HOME144,Home Banner
HOME145,Home Sweet Home Banner
HOME146,Welcome Banner
HOME147,You Are My Sunshine
HOME148,Everything Is Alright
HOME149,Coffee Before Wine Banner
HOME150,Beach Sweet Beach
HOME151,Is My Happy Place
HOME152,Longitude Latitude Banner
HOME153,Home Sweet Home Banner 1
HOME154,Home Sweet Home Banner 0
HOME155,Welcome Our Home Banner
LOVE98,LOVE Philly
LOVE99,LOVE 8 Bit Heart
LOVE100,LOVE Boat Wheel
LOVE101,LOVE Beer
LOVE102,LOVE Cheeseburger
LOVE103,LOVE Clover
LOVE104,LOVE Donut
LOVE105,LOVE Fishing Bobber
LOVE106,LOVE Flip Flops
LOVE107,LOVE Headphones
LOVE108,LOVE Ice Cream
LOVE109,LOVE Island Drink
LOVE110,LOVE Moon and Stars
LOVE111,LOVE Oranges
LOVE112,LOVE Peace Sign
LOVE113,LOVE Peaches
LOVE114,LOVE Peaches 1
LOVE115,LOVE Pizza
LOVE116,LOVE Shell
LOVE117,LOVE Slowflake
LOVE118,LOVE Cards
LOVE119,LOVE Sun
LOVE120,LOVE Black Swan
LOVE121,LOVE TN Stars
LOVE122,LOVE Weed
LOVE123,LOVE Wine
LOVE124,LOVE Christmas Ball
LOVE125,LOVE Colorado
LOVE126,LOVE Sushi Roll
LOVE127,LOVE Sashimi
LOVE128,LOVE Pride
LOVE129,AMOR Pride
MUSL98,Music is Life
MUSL99,I Heart Music
MUSL100,Support Local Music
MUSL101,Vintage Tape
MUSL102,Microphone Icon
MUSL103,Drum Icon
MUSL104,Headphones Icon
MUSL105,Acoustic Guitar icon
MUSL106,Grand Piano
MUSL107,Electric Guitar
MUSL108,Electric Bass
MUSL109,Acoustic Guitar
MUSL110,Ukulele
MUSL111,Trombone
MUSL112,Trumpet
MUSL113,Vinyl Records
MUSL114,Treble Clef
MUSL115,Bass Clef
MUSL116,Alto Clef
MUSL117,Clef Heart
MUSL118,Rocker Hand
MUSL119,Acoustic Guitar Online
MUSL120,MUSIC in Symbols
MUSL121,Music Staff
MUSL122,Color Keyboard
MUSL123,Music Controls
MUSL124,Love Loud
MUSL125,Route Time Signature
MUSL126,Warning Air Guitar
MUSL127,Warning Air Drums
MUSL128,Too Loud
MUSL129, Don't Stop
PARK101-AG,Acadia Badge
PARK102-AG,American Samoa Badge
PARK103-AG,Arches Badge
PARK104-AG,Badlands Badge
PARK105-AG,Big Bend Badge
PARK106-AG,Biscayne Badge
PARK107-AG,Black Canyon Badge 2
PARK108-AG,Black Canyon Badge 1
PARK109-AG,Bryce Canyon Badge
PARK110-AG,Canyonlands Badge
PARK111-AG,Capitol Reef Badge
PARK112-AG,Carlsbad Caverns Badge
PARK113-AG,Channel Islands Badge
PARK114-AG,Congaree Badge
PARK115-AG,Crater Lake Badge
PARK116-AG,Cuyahoga Valley Badge
PARK117-AG,Death Valley Badge
PARK118-AG,Death Valley Roadrunner Badge
PARK119-AG,Death Valley Skull Badge
PARK120-AG,Denali Badge
PARK121-AG,Dry Tortugas Badge
PARK122-AG,Everglades Badge 
PARK123-AG,Gates of the Arctic Badge
PARK124-AG,Gateway Arch Badge
PARK125-AG,Glacier Bay Badge
PARK126-AG,Glacier Badge
PARK127-AG,Grand Teton Badge
PARK128-AG,Grand Canyon Badge 2
PARK129-AG,Grand Canyon Badge 1
PARK130-AG,Great Basin Badge
PARK131-AG,Great Sand Dunes Badge
PARK132-AG,Great Smoky Mountains Badge
PARK133-AG,Guadalupe Mountains Badge
PARK134-AG,Haleakala Badge
PARK135-AG,Hawaii Volcanoes Badge
PARK136-AG,Hot Springs Badge
PARK137-AG,Indiana Dunes Badge
PARK138-AG,Isle Royale Badge
PARK139-AG,Joshua Tree Badge
PARK140-AG,Katmai Badge
PARK141-AG,Kenai Fjords Badge
PARK142-AG,Kings Canyon Badge
PARK143-AG,Kobuk Valley Badge
PARK144-AG,Lake Clark Badge
PARK145-AG,Lassen Volcanic Badge
PARK146-AG,Mammoth Cave Badge
PARK147-AG,Mesa Verde Badge 
PARK148-AG,Mt Rainer Badge
PARK149-AG,Mt Rushmore Badge
PARK150-AG,North Cascades Badge
PARK151-AG,Olympic Badge
PARK152-AG,Petrified Forest Badge
PARK153-AG,Pinnacles Badge
PARK154-AG,Redwood Badge
PARK155-AG,Rocky Mountain Badge
PARK156-AG,Saguaro Badge
PARK157-AG,Sequoia Badge
PARK158-AG,Sehenandoah Cardinal Badge
PARK159-AG,Shenandoah Deer Badge
PARK160-AG,Theodore Roosevelt Badge
PARK161-AG,Virgin Islands Badge
PARK162-AG,Voyageurs Badge
PARK163-AG,Wind Cave Badge
PARK164-AG,Wrangell St. Elias Badge
PARK165-AG,Yellowstone Badge
PARK166-AG,Yosemite Badge
PARK167-AG,Zion Badge 
PARK168-AG,Arches Map
PARK169-AG,Glacier Map
PARK170-AG,Grand Canyon Map
PARK171-AG,Great Smokey Mountains Map
PARK172-AG,Yellowstone Map
PARK173-AG,Yosemite Map
PARK174-ST,Arches Landscape
PARK175-ST,Badlands Landscape
PARK176-ST,Glacier Landscape
PARK177-ST,Grand Canyon Landscape
PARK178-ST,Olympic Landscape
PARK179-ST,Voyageurs Landscape
PARK180-ST,Yellowstone Landscape
PARK181-AG,Katmai
PARK182-AG,Kenai Fjords
PARK183-AG,Gates of the Arctic
PARK184-AG,Kobuk Valley
PARK185-AG,Lake Clark
PARK186-AG,Living on the Edge
PARK187-AG,Wrangell St. Elias
PARK188-AG,A View To Remember
PARK189-AG,Glacier Bay Orca
PARK190-AG,Denali Caribou
PARK191-AG,Denali Dall Sheep
PARK192-AG,Denali Wolf
PARK193-AG,Grand Canyon Vista
PARK194-AG,Big Bend
PARK195-AG,Arches KC
PARK196-AG,Arches Horizontal
PARK197-AG,Canyonlands
PARK198-AG,Grand Canyon 100th
PARK199-AG,Grand Canyon Watchtower
PARK200-AG,Grand Canyon Kayaks
PARK201-AG,Arches Park Map
PARK202-AG,Grand Canyon Park Map
PARK203-AG,Petrified Forest National Park
PARK204-AG,Pinnacle High Peak
PARK205-AG,Saguaro National Park
PARK206-AG,Canyon Chelly Arizona
PARK204,Grand Canyon RawPrint
PARK208-AG,Grand Canyon River View
PARK209-AG,Hot Springs
PARK210-AG,Redwood National Park
PARK211-AG,Death Valley National Park
PARK212-AG,Death Valley Roadrunner
PARK213-AG,Death Valley Wildflowers
PARK214-AG,Joshua Tree National Park
PARK215-AG,Joshua Tree Sunrise
PARK216-AG,Lassen Volcanic
PARK217-AG,Yosemite Half Dome Vista
PARK218-AG,Rocky Mountain Cougar
PARK219-AG,Yosemite Half Dome
PARK217,Joshua Tree RawPrint
PARK218,Yosemite RawPrint
PARK219,Channel Isalnds Dolphins
PARK223-AG,Death Valley Cow Skull
PARK224-AG,Death Valley Sailing Stone
PARK225-AG,Death Valley Sand Dunes
PARK226-AG,Death Valley Zabriskie Point
PARK227-AG,Kings Canyon Bears
PARK228-AG,Pinnacles High Peak
PARK229-AG,Pinnacles NP
PARK230-AG,Redwood NP
PARK231-AG,Sequoia NP
PARK232-AG,Yosemite Half Dome River
PARK233-AG,Yosemite NP
PARK234-AG,Yosemite Horizontal
PARK235-AG,Mesa Verde
PARK236-AG,Mesa Verde Cliffs
PARK237-AG,Rocky Mountain National Park                                                                                                                                                                                                                                                                              
PARK238-AG,Rocky Mountain RawPrint
PARK236,Flat Iron RawPrint
PARK237,Mesa Verde RawPrint
PARK238,Black Canyon of Gunnison
PARK242-AG,Black Canyon Trout
PARK243-AG,CO Quad Design
PARK244-AG,Great Sand Dunes
PARK245-AG,Longs Peak
PARK246-AG,Rocky Mountain NP
PARK247-AG,Sprauge Lake
PARK248-AG,Biscayne Hammerhead
PARK249-AG,Dry Tortugas
PARK250-AG,Everglades
PARK251-AG,Biscayne Diver
PARK252-AG,Everglades Gator
PARK253-AG,Everglades Snowy Egret
PARK254-AG,Haleakala
PARK255-AG,Hawaii Volcanoes
PARK256-AG,Acadia 100th Anniversary
PARK257-AG,Acadia Bass Harbor
PARK258-AG,Acadia
PARK259-AG,Gateway Arch
PARK260-AG,Yellowstone Bison Crossing
PARK261-AG,A View to Remember
PARK262-AG,Yellowstone
PARK263-AG,Glacier Lynx
PARK261,Yellowstone Moose
PARK262,Glacier Black Square
PARK266-DP,Glacier NP Moose Sunset
PARK264,Glacier NP Grizzly Bear Badge
PARK265,Colorful Mountain Goat
PARK266,Glacier NP Moose Badge
PARK267,Glacier NP Hidden Lake
PARK268,Glacier RawPrint
PARK269,Yellowstone RawPrint
PARK270,Glacier Mountain Goats
PARK274-AG,Going to Sun Road
PARK275-AG,Glacier NP Bear
PARK276-AG,Great Basin Lexington Arch
PARK277-AG,Carlsbad Caverns KC
PARK278-AG,Cralsbad Hall of Giants
PARK279-AG,Theodore Roosevelt
PARK280-AG,Brandywine Falls
PARK281-AG,Smith Rock Oregon
PARK282-AG,John Day Fossil Bed
PARK283-AG,Crater Lake Fox
PARK284-AG,Crater Lake Winter
PARK285-AG,Congaree
PARK286-AG,Badlands the Good life
PARK287-AG,Wind Cave
PARK288-AG,Badlands NP KC
PARK289-AG,Great Smokey Mountains
PARK290-AG,Big Bend
PARK291-AG,Big Bend Balanced Rock
PARK292-AG,Big Bend Rio Grande
PARK293-AG,Capitol Reef RawPrint
PARK291,Zion Narrows
PARK295-AG,Zion 100th
PARK296-AG,Zion Great White Throne
PARK297-AG,Zion Angel's Landing
PARK298-AG,Zion Sacred Cliffs
PARK299-AG,Zion Narrows KC
PARK300-AG,Bryce Canyon Horseback
PARK301-AG,Bryce Canyon Queens Garden
PARK302-AG,Capitol Reef KC
PARK303-AG,Captiol Reef Cathedral Valley
PARK304-AG,Canyonlands Mesa Arch
PARK305-AG,Arches National Park
PARK303,Vintage Zion
PARK304,Crawford Arch Zion
PARK305,Kolob Arch Zion
PARK306,Zion Night Sky
PARK307,Zion RawPrint
PARK308,Visit Bryce Canyon
PARK312-AG,Zion NP
PARK313-AG,Shenandoah Owl
PARK314-AG,Shenandoah Vardinal
PARK315-AG,Shenandoah NP
PARK316-AG,Cascades
PARK317-AG,Mount Rainer WA
PARK318-AG,Olympic NP
PARK319-AG,Grand Teton
PARK320-AG,Yellowstone
PARK321-AG,Grand Teton RawPrint
PARK319,Yellowstone RawPrint
PARK320,Yellowstone National Park
PARK324-AG,Grant Teton WY
PARK325-AG,Yellowstone Bison
PARK326-AG,Yellowstone Falls
PARK327-AG,Grand Prismatic Springs
PARK328-AG,Yellowstone Gray Wolf
PARK329-AG,Yellowstone Lake
PARK330-AG,Yellowstone Tower Falls
POP98,Practice Aloha
PRD98,Pride Flag
PRD99,Pride Rainbow
PRD100,Pride Heart
PRD101,Pride Smiley
PRD102,Human Rights Campaign
PRD103,Human Rights Campaign (RED)
PRD104,Pride Peace
PRD105,Pride Paw
PRD106,Pride Semicolon
PRD107,Pride Social Media
PRD108,Pride Weed
PRD109,Pride Sitcom
PRD110,Pride Name Drop
PRD111,Pride Heart Rainbow
PRD112,Love is Love
PRD113,Pride Ally
PRD114,Pride Alabama
PRD115,Pride Alaska
PRD116,Pride Arizona
PRD117,Pride Arkansas
PRD118,Pride California
PRD119,Pride Colorado
PRD120,Pride Connecticut
PRD121,Pride Delaware
PRD122,Pride Florida
PRD123,Pride Georgia
PRD124,Pride Hawaii
PRD125,Pride Idaho
PRD126,Pride Illinois
PRD127,Pride Indiana
PRD128,Pride Iowa
PRD129,Pride Kansas
PRD130,Pride Kentucky
PRD131,Pride Louisiana
PRD132,Pride Maine
PRD133,Pride Maryland
PRD134,Pride Massachusetts
PRD135,Pride Michigan
PRD136,Pride Minnesota
PRD137,Pride Mississippi
PRD138,Pride Missouri
PRD139,Pride Montana
PRD140,Pride Nebraska
PRD141,Pride Nevada
PRD142,Pride New Hampshire
PRD143,Pride New Jersey
PRD144,Pride New Mexico
PRD145,Pride New York
PRD146,Pride North Carolina
PRD147,Pride North Dakota
PRD148,Pride Ohio
PRD149,Pride Oklahoma
PRD150,Pride Oregon
PRD151,Pride Pennsylvania
PRD152,Pride Rhode Island
PRD153,Pride South Carolina
PRD154,Pride South Dakota
PRD155,Pride Tennessee
PRD156,Pride Texas
PRD157,Pride Utah
PRD158,Pride Vermont
PRD159,Pride Virginia
PRD160,Pride Washington
PRD161,Pride West Virginia
PRD162,Pride Wisconsin
PRD163,Pride Wyoming
SBCH98,Trippy Sun
SBCH99,Make It A Double
SBCH100,Floating Bones
SBCH101,Surfing Bones
SBCH102,Hang Ten
SBCH103,Surf Badge
SBCH104,Ocean RV
SBCH105,Road Trip Ready
SBCH106,Lifegaurd Badge
SBCH107,Lighthouse
SBCH108,Dive Flag Shark
SBCH109,Cowboy Boot (Gray)
SBCH110,Chill Vibes
SBCH111,No Bad Days
SBCH112,Cool As A Pineapple
SBCH113,Happy Pineapple
SBCH114,My Happy Place
SBCH115,Beach Badge
SBCH116,Mermaid
SBCH117,Sailboat 2
SBCH118,Hang Loose
SBCH122-ST,VW Beach Bus
SBCH120,Surfing
SBCH124-ST,North Shore
SBCH122,Lobster
SBCH123,Crab
SBCH124,Sailboat 1
SBCH125,Sailboat 0
SBCH126,Sailboat 1
SBCH127,Lighthouse 2
SPRT98,Ski 2
SPRT99,Ski 1
SPRT100,Ski 0
SPRT104-DP,Snowflake Badge
SPRT102,Fly Fishing
SPRT106-DP,Peak Red Sun
SPRT104,Fly Fishing 1
SPRT105,Philly Special
SPRT106,Ski 1
SPRT107,Snowflake
STP98,Alabama Flag
STP99,Alabama Flag Distressed
STP100,Alabama Flag Cutout
STP101,Alabama Crest
STP102,LOVE Alabama
STP103,HOME Alabama
STP107 -AG,Alabama Badge
STP108-AG,Alabama State Pride
STP106,Alaska Flag
STP107,Alaska Flag Distressed
STP108,Alaska Flag Cutout
STP109,Alaska Crest
STP110,LOVE Alaska
STP111,HOME Alaska
STP115-AG,Alaska Badge
STP116-AG,Alaska State Pride
STP114,Arizona Flag
STP115,Arizona Flag Distressed
STP116,Arizona Flag Cutout
STP117,Arizona Crest
STP118,LOVE Arizona
STP119,HOME Arizona
STP123-AG,Arizona Badge
STP124-AG,Arizona State Pride
STP122,Arkansas Flag
STP123,Arkansas Flag Distressed
STP124,Arkansas Flag Cutout
STP125,Arkansas Crest
STP126,LOVE Arkansas
STP127,HOME Arkansas
STP131-AG,Arkansas Badge
STP132-AG,Arkansas State Pride
STP130,California Flag
STP131,California Flag Distressed
STP132,California Flag Cutout
STP133,California Crest
STP134,LOVE California
STP135,HOME California
STP139-AG,California Badge
STP140-AG,California State Pride
STP138,Colorado Flag
STP139,Colorado Flag Distressed
STP140,Colorado Flag Cutout
STP141,Colorado Crest
STP142,LOVE Colorado
STP143,HOME Colorado 
STP147-AG,Colorado Badge
STP148-AG,Colorado State Pride
STP146,Connecticut Flag
STP147,Connecticut Flag Distressed
STP148,Connecticut Flag Cutout
STP149,Connecticut Crest
STP150,LOVE Connecticut
STP151,HOME Connecticut
STP155-AG,Connecticut Badge
STP156-AG,Connecticut State Pride
STP154,Delaware Flag
STP155,Delaware Flag Distressed
STP156,Delaware Flag Cutout
STP157,Delaware Crest
STP158,LOVE Delaware
STP159,HOME Delaware
STP163-AG,Delaware Badge
STP164-AG,Delaware State Pride
STP162,Florida Flag
STP163,Florida Flag Distressed
STP164,Florida Flag Cutout
STP165,Florida Crest
STP166,LOVE Florida
STP167,HOME Florida
STP171-AG,Florida Badge
STP172-AG,Florida State Pride
STP170,Georgia Flag
STP171,Georgia Flag Distressed
STP172,Georgia Flag Cutout
STP173,Georgia Crest
STP174,LOVE Georgia
STP175,HOME Georgia
STP179-AG,Georgia Badge
STP180-AG,Georgia State Pride
STP178,Hawaii Flag
STP179,Hawaii Flag Distressed
STP180,Hawaii Flag Cutout
STP181,Hawaii Crest
STP182,LOVE Hawaii
STP183,HOME Hawaii
STP187-AG,Hawaii Badge
STP188-AG,Hawaii State Pride
STP186,Idaho Flag
STP187,Idaho Flag Distressed
STP188,Idaho Flag Cutout
STP189,Idaho Crest
STP190,LOVE Idaho
STP191,HOME Idaho
STP195-AG,Idaho Badge
STP196-AG,Idaho State Pride
STP194,Illinois Flag
STP195,Illinois Flag Distressed
STP196,Illinois Flag Cutout
STP197,Illinois Crest
STP198,LOVE Illinois
STP199,HOME Illinois
STP203-AG,Illinois Badge
STP204-AG,Illinois State Pride
STP202,Indiana Flag
STP203,Indiana Flag Distressed
STP204,Indiana Flag Cutout
STP205,Indiana Crest
STP206,LOVE Indiana
STP207,HOME Indiana
STP211-AG,Indiana Badge
STP212-AG,Indiana State Pride
STP210,Iowa Flag
STP211,Iowa Flag Distressed
STP212,Iowa Flag Cutout
STP213,Iowa Crest
STP214,LOVE Iowa
STP215,HOME Iowa
STP219-AG,Iowa Badge
STP220-AG,Iowa State Pride
STP218,Kansas Flag
STP219,Kansas Flag Distressed
STP220,Kansas Flag Cutout
STP221,Kansas Crest
STP222,LOVE Kansas
STP223,HOME Kansas
STP227-AG,Kansas Badge
STP228-AG,Kansas State Pride
STP226,Kentucky Flag
STP227,Kentucky Flag Distressed
STP228,Kentucky Flag Cutout
STP229,Kentucky Crest
STP230,LOVE Kentucky
STP231,HOME Kentucky
STP235-AG,Kentucky Badge
STP236-AG,Kentucky State Pride
STP234,Louisiana Flag
STP235,Louisiana Flag Distressed
STP236,Louisiana Flag Cutout
STP237,Louisiana Crest
STP238,LOVE Louisiana
STP239,HOME Louisiana
STP243-AG,Louisiana Badge
STP244-AG,Louisiana State Pride
STP242,Maine Flag
STP243,Maine Flag Distressed
STP244,Maine Flag Cutout
STP245,Maine Crest
STP246,LOVE Maine
STP247,HOME Maine
STP251-AG,Maine Badge
STP252-AG,Maine State Pride
STP250,Maryland Flag
STP251,Maryland Flag Distressed
STP252,Maryland Flag Cutout
STP253,Maryland Crest
STP254,LOVE Maryland
STP255,HOME Maryland
STP259-AG,Maryland Badge
STP260-AG,Maryland State Pride
STP258,Massachusetts Flag
STP259,Massachusetts Flag Distressed
STP260,Massachusetts Flag Cutout
STP261,Massachusetts Crest
STP262,LOVE Massachusetts
STP263,HOME Massachusetts
STP267-AG,Massachusetts Badge
STP268-AG,Massachusetts State Pride
STP266,Michigan Flag
STP267,Michigan Flag Distressed
STP268,Michigan Flag Cutout
STP269,Michigan Crest
STP270,LOVE Michigan
STP271,HOME Michigan
STP275-AG,Michigan Badge
STP276-AG,Michigan State Pride
STP274,Minnesota Flag
STP275,Minnesota Flag Distressed
STP276,Minnesota Flag Cutout
STP277,Minnesota Crest
STP278,LOVE Minnesota
STP279,HOME Minnesota
STP283-AG,Minnesota Badge
STP284-AG,Minnesota State Pride
STP282,Mississippi Flag
STP283,Mississippi Flag Distressed
STP284,Mississippi Flag Cutout
STP285,Mississippi Crest
STP286,LOVE Mississippi
STP287,HOME Mississippi
STP291-AG,Mississippi Badge
STP292-AG,Mississippi State Pride
STP290,Missouri Flag
STP291,Missouri Flag Distressed
STP292,Missouri Flag Cutout
STP293,Missouri Crest
STP294,LOVE Missouri
STP295,HOME Missouri
STP299-AG,Missouri Badge
STP300-AG,Missouri State Pride
STP298,Montana Flag
STP299,Montana Flag Distressed
STP300,Montana Flag Cutout
STP301,Montana Crest
STP302,LOVE Montana
STP303,HOME Montana
STP307-AG,Montana Badge
STP308-AG,Montana State Pride
STP306,Nebraska Flag
STP307,Nebraska Flag Distressed
STP308,Nebraska Flag Cutout
STP309,Nebraska Crest
STP310,LOVE Nebraska
STP311,HOME Nebraska
STP315-AG,Nebraska Badge
STP316-AG,Nebraska State Pride
STP314,Nevada Flag
STP315,Nevada Flag Distressed
STP316,Nevada Flag Cutout
STP317,Nevada Crest
STP318,LOVE Nevada
STP319,HOME Nevada
STP323-AG,Nevada Badge
STP324-AG,Nevada State Pride
STP322,New Hampshire Flag
STP323,New Hampshire Flag Distressed
STP324,New Hampshire Flag Cutout
STP325,New Hampshire Crest
STP326,LOVE New Hampshire
STP327,HOME New Hampshire
STP331-AG,New Hampshire Badge
STP332-AG,New Hampshire State Pride
STP330,New Jersey Flag
STP331,New Jersey Flag Distressed
STP332,New Jersey Flag Cutout
STP333,New Jersey Crest
STP334,LOVE New Jersey
STP335,HOME New Jersey
STP339-AG,New Jersey Badge
STP340-AG,New Jersey State Pride
STP338,New Mexico Flag
STP339,New Mexico Flag Distressed
STP340,New Mexico Flag Cutout
STP341,New Mexico Crest
STP342,LOVE New Mexico
STP343,HOME New Mexico
STP347-AG,New Mexico Badge
STP348-AG,New Mexico State Pride
STP346,New York Flag
STP347,New York Flag Distressed
STP348,New York Flag Cutout
STP349,New York Crest
STP350,LOVE New York
STP351,HOME New York
STP355-AG,New York Badge
STP356-AG,New York State Pride
STP354,North Carolina Flag
STP355,North Carolina Flag Distressed
STP356,North Carolina Flag Cutout
STP357,North Carolina Crest
STP358,LOVE North Carolina
STP359,HOME North Carolina
STP363-AG,North Carolina Badge
STP364-AG,North Carolina State Pride
STP362,North Dakota Flag
STP363,North Dakota Flag Distressed
STP364,North Dakota Flag Cutout
STP365,North Dakota Crest
STP366,LOVE North Dakota
STP367,HOME North Dakota
STP371-AG,North Dakota Badge
STP372-AG,North Dakota State Pride
STP370,Ohio Flag
STP371,Ohio Flag Distressed
STP372,Ohio Flag Cutout
STP373,Ohio Crest
STP374,LOVE Ohio 
STP375,HOME Ohio 
STP379-AG,Ohio Badge
STP380-AG,Ohio State Pride
STP378,Oklahoma Flag
STP379,Oklahoma Flag Distressed
STP380,Oklahoma Flag Cutout
STP381,Oklahoma Crest
STP382,LOVE Oklahoma
STP383,HOME Oklahoma
STP387-AG,Oklahoma Badge
STP388-AG,Oklahoma State Pride
STP386,Oregon Flag
STP387,Oregon Flag Distressed
STP388,Oregon Flag Cutout
STP389,Oregon Crest
STP390,LOVE Oregon
STP391,HOME Oregon
STP395-AG,Oregon Badge
STP396-AG,Oregon State Pride
STP394,Pennsylvania Flag
STP395,Pennsylvania Flag Distressed
STP396,Pennsylvania Flag Cutout
STP397,Pennsylvania Crest
STP398,LOVE Pennsylvania
STP399,HOME Pennsylvania
STP403-AG,Pennsylvania Badge
STP404-AG,Pennsylvania State Pride
STP402,Rhode Island Flag
STP403,Rhode Island Flag Distressed
STP404,Rhode Island Flag Cutout
STP405,Rhode Island Crest
STP406,LOVE Rhode Island
STP407,HOME Rhode Island
STP411-AG,Rhode Island Badge
STP412-AG,Rhode Island State Pride
STP410,South Carolina Flag
STP411,South Carolina Flag Distressed
STP412,South Carolina Flag Cutout
STP413,South Carolina Crest
STP414,LOVE South Carolina
STP415,HOME South Carolina
STP419-AG,South Carolina Badge
STP420-AG,South Carolina State Pride
STP418,South Dakota Flag
STP419,South Dakota Flag Distressed
STP420,South Dakota Flag Cutout
STP421,South Dakota Crest
STP422,LOVE South Dakota
STP423,HOME South Dakota
STP427-AG,South Dakota Badge
STP428-AG,South Dakota State Pride
STP426,Tennessee Flag
STP427,Tennessee Flag Distressed
STP428,Tennessee Flag Cutout
STP429,Tennessee Crest
STP430,LOVE Tennessee
STP431,HOME Tennessee
STP435-AG,Tennessee Badge
STP436-AG,Tennessee State Pride
STP434,Texas Flag
STP435,Texas Flag Distressed
STP436,Texas Flag Cutout
STP437,Texas Crest
STP438,LOVE Texas
STP439,HOME Texas
STP443-AG,Texas Badge
STP444-AG,Texas State Pride
STP442,Utah Flag
STP443,Utah Flag Distressed
STP444,Utah Flag Cutout
STP445,Utah Crest
STP446,LOVE Utah
STP447,HOME Utah
STP451-AG,Utah Badge
STP452-AG,Utah State Pride
STP450,Vermont Flag
STP451,Vermont Flag Distressed
STP452,Vermont Flag Cutout
STP453,Vermont Crest
STP454,LOVE Vermont
STP455,HOME Vermont
STP459-AG,Vermont Badge
STP460-AG,Vermont State Pride
STP458,Virginia Flag
STP459,Virginia Flag Distressed
STP460,Virginia Flag Cutout
STP461,Virginia Crest
STP462,LOVE Virginia
STP463,HOME Virginia
STP467-AG,Virginia Badge
STP468-AG,Virginia State Pride
STP466,Washington Flag
STP467,Washington Flag Distressed
STP468,Washington Flag Cutout
STP469,Washington Crest
STP470,LOVE Washington
STP471,HOME Washington
STP475-AG,Washington Badge
STP476-AG,Washington State Pride
STP474,West Virginia Flag
STP475,West Virginia Flag Distressed
STP476,West Virginia Flag Cutout
STP477,West Virginia Crest
STP478,LOVE West Virginia
STP479,HOME West Virginia
STP483-AG,West Virginia Badge
STP484-AG,West Virginia State Pride
STP482,Wisconsin Flag
STP483,Wisconsin Flag Distressed
STP484,Wisconsin Flag Cutout
STP485,Wisconsin Crest
STP486,LOVE Wisconsin
STP487,HOME Wisconsin
STP491-AG,Wisconsin Badge
STP492-AG,Wisconsin State Pride
STP490,Wyoming Flag
STP491,Wyoming Flag Distressed
STP492,Wyoming Flag Cutout
STP493,Wyoming Crest
STP494,LOVE Wyoming
STP495,HOME Wyoming
STP499-AG,Wyoming Badge
STP500-AG,Wyoming State Pride
STP498,Washington DC Flag Distressed 
STP499,Washington DC Flag Cutout
STP500,Washington DC Crest
STP504-AG,Arizona Cactus Badge
STP505-AG,Delaware Badge Horseback
STP503,Star
STP504,Tennessee Flag Stars
STP508-AG,Texas Badge 1
STP506,Capitol Building
STP510-AG,Utah Flag Badge
STP511-AG,Wisconsin Loon Badge
SLP98,Alabama Liscense Plate
 SLP99,Alaska Liscense Plate
SLP100,Arizona Liscense Plate
SLP101,Arkansas Liscense Plate
SLP102,California Liscense Plate
SLP103,Colorado Liscense Plate
SLP104,Connecticut Liscense Plate
SLP105,Delaware Liscense Plate
SLP106,Florida Liscense Plate
SLP107,Georgia Liscense Plate
SLP108,Hawaii Liscense Plate
SLP109,Idaho Liscense Plate
SLP110,Illinois Liscense Plate
SLP111,Indiana Liscense Plate
SLP112,Iowa Liscense Plate
SLP113,Kansas Liscense Plate
SLP114,Kentucky Liscense Plate
SLP115,Louisiana Liscense Plate
SLP116,Maine Liscense Plate
SLP117,Maryland Liscense Plate
SLP118,Massachusetts Liscense Plate
SLP119,Michigan Liscense Plate
SLP120,Minnesota Liscense Plate
SLP121,Mississippi Liscense Plate
SLP122,Missouri Liscense Plate
SLP123,Montana Liscense Plate
SLP124,Nebraska Liscense Plate
SLP125,Nevada Liscense Plate
SLP126,New Hampshire Liscense Plate
SLP127,New Jersey Liscense Plate
SLP128,New Mexico Liscense Plate
SLP129,New York Liscense Plate
SLP130,North Carolina Liscense Plate
SLP131,North Dakota Liscense Plate
SLP132,Ohio Liscense Plate
SLP133,Oklahoma Liscense Plate
SLP134,Oregon Liscense Plate
SLP135,Pennsylvania Liscense Plate
SLP136,Rhode Island Liscense Plate
SLP137,South Carolina Liscense Plate
SLP138,South Dakota Liscense Plate
SLP139,Tennessee Liscense Plate
SLP140,Texas Liscense Plate
SLP141,Utah Liscense Plate
SLP142,Vermont Liscense Plate
SLP143,Virginia Liscense Plate
SLP144,Washington Liscense Plate
SLP145,Washington DC Liscense Plate
SLP146,West Virginia Liscense Plate
SLP147,Wisconsin Liscense Plate
SLP148,Wyoming Liscense Plate
STRT98,Sunset Blvd
STRT99,US 101 Sign
STRT100,International Drive
STRT101,Bourbon Street
STRT102,Orleans Street
STRT103,Ocean Ave
STRT104,Wall Street
STRT105,Broadway
STRT106,Broad Street
UST101-AG,Alaska Eagle
UST102-AG,Kenai
UST103-AG,Alaska Sitka
UST104-AG,Ketchikan AK
UST105-AG,Lake Powell Arizona
UST106-AG,Marble Canyon Arizona
UST107-AG,Bell Rock Arizona
UST108-AG,Cathedral Rock Arizona
UST106,Rock
UST110-AG,Glen Canyon Dam
UST111-AG,Havasa Falls
UST112-AG,Whitaker Point
UST113-AG,California Dreaming
UST114-AG,Golden Gate Bridge
UST115-AG,Big Sur California
UST116-AG,Devil's Postpile California
UST117-AG,Mono Lake California
UST115,Chandelier Tree
UST119-ST,Route 63
UST120-JL,Emerald Bay Lake Tahoe
UST121-JL,Lake tahoe Skiing
UST122-JL,Mammoth Mountain CA
UST123-JL,Ski Mammoth CA
UST124-AG,Coastal CA
UST125-AG,Muir Woods
UST126-AG,Alcatraz
UST127-AG,Catalina Island
UST128-AG,Dive Into CA
UST129-AG,Huntington Beach CA
UST130-AG,Laguana Beach CA
UST131-AG,LA Skyline
UST132-AG,Malibu CA
UST133-AG,Monterey CA
UST134-AG,Orange County CA
UST135-AG,Palm Springs CA
UST136-AG,Pasadena CA
UST137-AG,San Diego CA
UST138-AG,San Jose CA
UST139-AG,Santa Monica KC Girl
UST140-AG,Santa Monica Pier Yellow
UST141-AG,Santa Monica Route 63
UST142-AG,Ski Aspen
UST143-AG,Denver Skyline
UST141,Flat Iron RawPrint
UST142,Vali Ski Patch
UST146-AG,Macy's Rockies
UST147-AG,Maroon Bells CO
UST148-AG,Pikes Peak
UST149-AG,Telluride CO
UST150-AG,Canyons of the Ancients
UST151-AG,Chimney Rock CO
UST152-AG,CO National Monument
UST153-AG,Garden of the Gods
UST154-AG,Hovenweep
UST155-JL,Fairfeild Church
UST156-JL,Fairfelid Theater
UST157-JL,Kent Falls CT
UST158-AG,DC War Memorial
UST159-AG,DC Iwo Jima Badge
UST160-AG,Miami Moment
UST161-AG,Destin Beach FL
UST162-AG,Map of Florida
UST163-AG,Myaka River
UST164-AG,Florida Manatee
UST162,Visit Naples
UST163,Naples Pier RawPrint
UST167-JL,Key West Close to Perfect
UST168-JL,Key West Fishing
UST169-JL,Key West Green Parrot
UST170-JL,Key West to Cuba
UST171-JL,Miami Beach
UST172-JL,Old Key West
UST173-AG,Havana Shade
UST174-AG,Dive into FL
UST175-AG,Atlanta GA Print Shop
UST173,Stone Mountain
UST177-AG,Atlanta Downtown
UST178-AG,Savannah GA
UST179-AG,Travel to Hawaii
UST180-AG,Hawaii NaPali
UST178,Maui Hula
UST179,Aloha
UST180,Hawaii Sunset
UST184-AG,Pearl Harbor
UST185-AG,Hawaii Parrot
UST186-AG,Maui HI
UST184,Chicago Building
UST188-AG,Hoosier National Forest
UST189-DP,Natural Bridge KY
UST190-AG,Lexington KY
UST191-AG,Louisville KY
UST192-AG,My Old KY Home
UST193-AG,New Orleans
UST194-AG,Maine Vacationland
UST195-AG,Baltimore MD
UST196-AG,Boston Harbor
UST197-AG,Cape Cod Whale Watching
UST198-AG,Boston Common
UST199-AG,Martha's Vineyard
UST200-AG,Nantucket MA
UST201-AG,Sleeping Bear Dunes
UST199,University of Michigan
UST203-ST,Minni Soda (Bunyan)
UST204-ST,Minni Soda (Kids)
UST205-ST,Cloquet Water Tower
UST206-ST,Lindstrom Water Tower
UST207-ST,Pequot Water Tower
UST208-ST,Rochester Water Tower
UST206,Beehive Basin MT
UST207,Big Sky Lone Peak RawPrint
UST211-AG,Big Sky MT
UST212-AG,Scotts Bluff
UST210,Welcome to Las Vegas
UST211,Monte Carlo
UST212,Slot Machine Reno
UST213,Reno Dice
UST217-JL,Las Vegas Elvis
UST218-JL,Las Vegas Hotels
UST219-JL,Las Vegas Ratpack
UST220-JL,Venetian
UST221-JL,Venetian (Nighttime)
UST222-JL,Vegas Beach
UST223-JL,Vegas Diamond
UST224-JL,Vegas Dunes
UST225-JL,Vegas Hoover Dam
UST226-JL,Vegas Sands
UST227-JL,Vegas Show
UST228-JL,Vegas Stardust
UST229-JL,Vegas Strip
UST230-AG,Hoover Dam
UST231-AG,Vintage Las Vegas
UST232-AG,The Vast Southwest
UST233-AG,Red Rock Canyon
UST234-AG,Red Rock Donkey
UST235-AG,Cape May
UST233,Cape May Mermaid
UST237-AG,NJ Shoreline
UST238-AG,Red Canyon
UST239-AG,Alburquerque Hot Air Balloon
UST240-JL,Santa Fe
UST241-JL,Santa Fe Railway
UST242-AG,Santa Fe NM
UST243-AG,Chaco Culture
UST244-AG,Shiprock Peak
UST245-AG,White Sands
UST246-AG,Map of New York
UST247-AG,New York Minute
UST248-AG,NY Vintage Liberty
UST249-AG,Watkins Glen
UST247,Broadway Liberty
UST248,Niagra Falls RawPrint
UST252-ST,Coney Island
UST253-ST,New York
UST254-AG,Map of North Carolina
UST255-AG,Grandfather Mountain NC
UST256-AG,Asheville NC
UST257-AG,Blue Ridge Parkway
UST258-AG,Linville Falls NC
UST259-AG,Outer Banks NC
UST260-AG,Raleigh NC
UST261-AG,Cleaveland Electric Guitar
UST262-AG,Mt Hood OR
UST263-AG,Portland OR
UST264-AG,Philadelphia Franklin
UST262,Philly PA Liberty Bell
UST263,Philly Franklin
UST264,Philly Skyline
UST265,Independence Hall RawPrint
UST266,Geno's Steaks RawPrint
UST267,Cityscape RawPrint
UST271-AG,Art Museum Rocky Statue
UST272-AG,Gettysburg
UST273-AG,Phila Liberty Bell
UST274-AG,Newport RI
UST275-AG,Charleston SC
UST276-AG,Myrtle Beach SC
UST274,Mt Rushmore Dimensions
UST278-AG,Stones River Battlefield
UST279-AG,Pioneer Woman
UST280-AG,Map of Texas
UST281-AG,Austin Texas Mod Print
UST282-AG,Lone Star Hiking Trail
UST283-AG,Guadalupe Mountains
UST284-AG,Bryce Peekaboo
UST285-AG,Rainbow Bridge Utah
UST286-AG,Cedar Breaks Utah
UST287-AG,Chaco Culture Utah
UST288-JL,Ski Utah
UST286,Utah Unique
UST287,Utah Land of Color
UST288,Explore Utah
UST289,Salt Lake Temple
UST290,Bonneville Salt Flats
UST291,Utah Nature State Shape
UST292,Skyline
UST296-AG,Salt Lake City Skyline
UST297-AG,Goblin Valley
UST298-AG,Hovenweep
UST299-AG,Red Canyon Dixie
UST300-AG,Valley of the Gods
UST301-AG,Vermont Covered Bridge
UST302-AG,Map of Virginia
UST303-AG,Chesapeake Bay
UST304-AG,Virginia Beach
UST305-JL,Seattle
UST306-AG,Mount St. Helens
UST307-AG,Seattle WA
UST308-AG,Blackwater Falls
UST309-ST,Hayward Water Tower
UST310-AG,Devils Tower
UST311-AG,Jackson WY
UST312-AG,Old Faithful Inn
WAF98,Wild & Free Cow
WAF99,Wild & Free Chicken
WAF100,Wild & Free Duck
WAF101,Wild & Free Pig
WAF102,Wild & Free Bear
WAF103,Wild & Free Mountain Lion
WAF104,Wild & Free Wolf
WAF105,Wild & Free Bison
WAF106,Wild & Free Elk
WAF107,Wild & Free Rabbit
WAF108,Wild & Free Fox
WAF109,Wild & Free Racoon
WAF110,Wild & Free Eagle
WAF111,Wild & Free Bronco
WAF112,Wild & Free Coyote
WAF113,Wild & Free Owl
WAF114,Wild & Free Dolphin
WAF115,Wild & Free Shark
WAF116,Wild & Free Fish
WAF117,Wild & Free Sea Turtle
WAF118,Wild & Free Jellyfish
WAF119,Wild & Free Seahorse
WAF120,Wild & Free Crab
WAF121,Wild & Free Seal
WAF122,Wild & Free Frog
WAF123,Wild & Free Gecko
WAF124,Wild & Free Alligator
WAF125,Wild & Free Tortoise
WAF126,Wild & Free Snake
WAF127,Wild & Free Butterfly
WAF128,Wild & Free Dragonfly
WAF129,Wild & Free Honey Bee
WAF130,Wild & Free Marlin
WAF131,Wild & Free Moose
WAF132,Wild & Free Moose 1
WAF133,Wild & Free Bison 1
WEST98,Howdy! Name Drop
WEST99,Wood Crates
WEST100,Saloon Doors
WEST101,Buck Skull
WEST102,Cattle Skull (Bones)
WEST103,Cattle Skull (Arrows)
WEST104,Cowboy Hat  (Tan)
WEST105,Cowboy Hat (Black)
WEST106,Native American
WEST107,Potted Cactus
WEST108,Cowboy Boot (Brown)
WEST109,Cowboy Boot (Gray)
WEST110,Horseshoe Icon
WEST111,Sherrif Badge Icon
WEST112,Chili Pepper
WEST113,Wood Sign Post
WEST114,Howdy Podner
WEST115,Cactus Badge
WEST116,Route 63
WEST117,Made in Texas
WEST118,Mimbres Lizard
WEST119,Distressed Text
WEST120,Windmill
WEST121,Cacti Sunset
WEST122,Wild Boar
WEST123,Coyote
WEST124,Bucking Bronco
WEST125,Desert
WEST126,Dude Ranch
